{
  "feature_stats": {
    "RIDAGEYR": {
      "mean": 47.9495964050293,
      "std": 19.500192642211914,
      "median": 49.0,
      "q25": 31.0,
      "q75": 64.0,
      "n_missing": 0
    },
    "RIAGENDR": {
      "mean": 1.5125761032104492,
      "std": 0.499849408864975,
      "median": 2.0,
      "q25": 1.0,
      "q75": 2.0,
      "n_missing": 0
    },
    "RIDRETH3": {
      "mean": 3.495283842086792,
      "std": 1.582818627357483,
      "median": 3.0,
      "q25": 3.0,
      "q75": 4.0,
      "n_missing": 0
    },
    "INDFMPIR": {
      "mean": 2.559231996536255,
      "std": 1.6331170797348022,
      "median": 2.1600000858306885,
      "q25": 1.159999966621399,
      "q75": 4.139999866485596,
      "n_missing": 1533
    },
    "DIQ010": {
      "mean": 1.8868147134780884,
      "std": 0.3922312259674072,
      "median": 2.0,
      "q25": 2.0,
      "q75": 2.0,
      "n_missing": 0
    },
    "DIQ160": {
      "mean": 1.9016741514205933,
      "std": 0.42555221915245056,
      "median": 2.0,
      "q25": 2.0,
      "q75": 2.0,
      "n_missing": 1696
    },
    "BPQ020": {
      "mean": 1.6466889381408691,
      "std": 0.4780305325984955,
      "median": 2.0,
      "q25": 1.0,
      "q75": 2.0,
      "n_missing": 0
    },
    "BPQ030": {
      "mean": 1.229421615600586,
      "std": 0.6406884789466858,
      "median": 1.0,
      "q25": 1.0,
      "q75": 1.0,
      "n_missing": 6582
    },
    "BMXBMI": {
      "mean": 29.671064376831055,
      "std": 7.639005661010742,
      "median": 28.399999618530273,
      "q25": 24.299999237060547,
      "q75": 33.5,
      "n_missing": 930
    },
    "BMXWAIST": {
      "mean": 99.60052490234375,
      "std": 17.644634246826172,
      "median": 98.19999694824219,
      "q25": 87.0,
      "q75": 110.5,
      "n_missing": 1275
    },
    "BMXHT": {
      "mean": 166.8173065185547,
      "std": 10.042076110839844,
      "median": 166.39999389648438,
      "q25": 159.3000030517578,
      "q75": 174.0,
      "n_missing": 915
    },
    "BMXWT": {
      "mean": 82.81658935546875,
      "std": 23.27837562561035,
      "median": 79.0999984741211,
      "q25": 66.5,
      "q75": 95.0999984741211,
      "n_missing": 909
    },
    "DR1TKCAL": {
      "mean": 2119.473388671875,
      "std": 1025.408203125,
      "median": 1952.5,
      "q25": 1421.0,
      "q75": 2635.25,
      "n_missing": 1638
    },
    "DR1TPROT": {
      "mean": 78.85694885253906,
      "std": 42.84068298339844,
      "median": 71.01000213623047,
      "q25": 50.37750244140625,
      "q75": 98.97000122070312,
      "n_missing": 1638
    },
    "DR1TCARB": {
      "mean": 245.83668518066406,
      "std": 127.49520111083984,
      "median": 224.19500732421875,
      "q25": 159.802490234375,
      "q75": 309.0350036621094,
      "n_missing": 1638
    },
    "DR1TSUGR": {
      "mean": 105.77645874023438,
      "std": 76.12369537353516,
      "median": 89.80500030517578,
      "q25": 54.86499786376953,
      "q75": 137.16000366210938,
      "n_missing": 1638
    },
    "DR1TFIBE": {
      "mean": 16.105714797973633,
      "std": 10.482053756713867,
      "median": 13.800000190734863,
      "q25": 8.800000190734863,
      "q75": 20.700000762939453,
      "n_missing": 1638
    },
    "DR1TTFAT": {
      "mean": 86.6766357421875,
      "std": 49.993141174316406,
      "median": 77.85499572753906,
      "q25": 52.560001373291016,
      "q75": 110.68500518798828,
      "n_missing": 1638
    },
    "SLD012": {
      "mean": 7.639657020568848,
      "std": 1.6825590133666992,
      "median": 7.5,
      "q25": 7.0,
      "q75": 8.5,
      "n_missing": 89
    },
    "SLD013": {
      "mean": 8.360359191894531,
      "std": 1.8236156702041626,
      "median": 8.0,
      "q25": 7.0,
      "q75": 9.5,
      "n_missing": 95
    },
    "PAQ605": {
      "mean": 1.7554774284362793,
      "std": 0.47180378437042236,
      "median": 2.0,
      "q25": 2.0,
      "q75": 2.0,
      "n_missing": 502
    },
    "PAQ620": {
      "mean": 1.572964072227478,
      "std": 0.5340672731399536,
      "median": 2.0,
      "q25": 1.0,
      "q75": 2.0,
      "n_missing": 502
    },
    "PAQ650": {
      "mean": 1.749793291091919,
      "std": 0.4331585466861725,
      "median": 2.0,
      "q25": 1.0,
      "q75": 2.0,
      "n_missing": 502
    },
    "PAQ665": {
      "mean": 1.5983877182006836,
      "std": 0.5019206404685974,
      "median": 2.0,
      "q25": 1.0,
      "q75": 2.0,
      "n_missing": 502
    }
  },
  "fitted_numeric_cols": [
    "RIDAGEYR",
    "RIAGENDR",
    "RIDRETH3",
    "INDFMPIR",
    "DIQ010",
    "DIQ160",
    "BPQ020",
    "BPQ030",
    "BMXBMI",
    "BMXWAIST",
    "BMXHT",
    "BMXWT",
    "DR1TKCAL",
    "DR1TPROT",
    "DR1TCARB",
    "DR1TSUGR",
    "DR1TFIBE",
    "DR1TTFAT",
    "SLD012",
    "SLD013",
    "PAQ605",
    "PAQ620",
    "PAQ650",
    "PAQ665"
  ],
  "fitted": true
}