{
  "experiment_id": "exp_20251229_130955",
  "created": "2025-12-29T13:13:57.870043",
  "models_trained": [
    "xgb",
    "lgb",
    "cb",
    "rf",
    "ensemble"
  ],
  "cv_scores": {
    "xgb": 1.0,
    "lgb": 1.0,
    "cb": 1.0,
    "rf": 1.0,
    "ensemble": NaN
  },
  "best_params": {
    "xgb": {
      "n_estimators": 437.0,
      "max_depth": 10.0,
      "learning_rate": 0.1205712628744377,
      "subsample": 0.7993292420985183,
      "colsample_bytree": 0.5780093202212182,
      "reg_alpha": 1.5599452033620265,
      "reg_lambda": 0.5808361216819946
    },
    "lgb": {
      "n_estimators": 437.0,
      "num_leaves": 244.0,
      "learning_rate": 0.1205712628744377,
      "feature_fraction": 0.7993292420985183,
      "bagging_fraction": 0.5780093202212182,
      "reg_alpha": 1.5599452033620265,
      "reg_lambda": 0.5808361216819946
    }
  },
  "feature_importance": {
    "xgb": {
      "RIDAGEYR": 0.0334806889295578,
      "RIAGENDR": 0.004670730326324701,
      "RIDRETH3": 0.002750198356807232,
      "INDFMPIR": 0.0013934370363131166,
      "DIQ010": 0.7235007882118225,
      "DIQ160": 0.07198819518089294,
      "BPQ020": 0.09936919808387756,
      "BPQ030": 0.0032714607659727335,
      "BMXBMI": 0.002976808464154601,
      "BMXWAIST": 0.00987765658646822,
      "BMXHT": 0.002133225090801716,
      "BMXWT": 0.004299574997276068,
      "DR1TKCAL": 0.0032618604600429535,
      "DR1TPROT": 0.003224080428481102,
      "DR1TCARB": 0.0027734532486647367,
      "DR1TSUGR": 0.00370838213711977,
      "DR1TFIBE": 0.0027426567394286394,
      "DR1TTFAT": 0.0021705871913582087,
      "SLD012": 0.0034125603269785643,
      "SLD013": 0.0027183620259165764,
      "PAQ605": 0.0,
      "PAQ620": 0.002846138086169958,
      "PAQ650": 0.008436933159828186,
      "PAQ665": 0.0049929749220609665
    },
    "lgb": {
      "RIDAGEYR": 1806.0,
      "RIAGENDR": 53.0,
      "RIDRETH3": 284.0,
      "INDFMPIR": 339.0,
      "DIQ010": 271.0,
      "DIQ160": 227.0,
      "BPQ020": 414.0,
      "BPQ030": 242.0,
      "BMXBMI": 542.0,
      "BMXWAIST": 1960.0,
      "BMXHT": 172.0,
      "BMXWT": 297.0,
      "DR1TKCAL": 171.0,
      "DR1TPROT": 97.0,
      "DR1TCARB": 208.0,
      "DR1TSUGR": 895.0,
      "DR1TFIBE": 173.0,
      "DR1TTFAT": 138.0,
      "SLD012": 96.0,
      "SLD013": 91.0,
      "PAQ605": 15.0,
      "PAQ620": 33.0,
      "PAQ650": 168.0,
      "PAQ665": 35.0
    },
    "cb": {
      "RIDAGEYR": 0.19962514640152876,
      "RIAGENDR": 0.0065873742855672435,
      "RIDRETH3": 0.2119098509148817,
      "INDFMPIR": 0.29450541537368213,
      "DIQ010": 93.70536807215568,
      "DIQ160": 0.1805813659625299,
      "BPQ020": 0.10945515561744149,
      "BPQ030": 0.17582117465717154,
      "BMXBMI": 0.2664534508249247,
      "BMXWAIST": 0.11390584075527924,
      "BMXHT": 0.052358500786254536,
      "BMXWT": 0.15935569243031472,
      "DR1TKCAL": 0.6891662794050665,
      "DR1TPROT": 0.9243998830225825,
      "DR1TCARB": 0.6035949051191295,
      "DR1TSUGR": 0.5438141661608612,
      "DR1TFIBE": 0.434695626603614,
      "DR1TTFAT": 0.4723098415366943,
      "SLD012": 0.2705804302031554,
      "SLD013": 0.2016979045680686,
      "PAQ605": 0.08456182640120995,
      "PAQ620": 0.059509201750444586,
      "PAQ650": 0.14757726892706496,
      "PAQ665": 0.09216562613684243
    },
    "rf": {
      "RIDAGEYR": 0.07923063407683004,
      "RIAGENDR": 0.0009969449904130177,
      "RIDRETH3": 0.002883315456051418,
      "INDFMPIR": 0.00509946506946106,
      "DIQ010": 0.7114943798878658,
      "DIQ160": 0.026727712063060707,
      "BPQ020": 0.040865738063670096,
      "BPQ030": 0.028298274187738566,
      "BMXBMI": 0.01274904348887014,
      "BMXWAIST": 0.0250641279778285,
      "BMXHT": 0.00587364431204645,
      "BMXWT": 0.01037748605610836,
      "DR1TKCAL": 0.004536507394013523,
      "DR1TPROT": 0.004293558988722297,
      "DR1TCARB": 0.0058828982318177665,
      "DR1TSUGR": 0.008175865938648368,
      "DR1TFIBE": 0.004979694774877882,
      "DR1TTFAT": 0.0046044814989241786,
      "SLD012": 0.003679663316262063,
      "SLD013": 0.0037232288889149285,
      "PAQ605": 0.000597101904697022,
      "PAQ620": 0.0010399636119951493,
      "PAQ650": 0.00751605207230074,
      "PAQ665": 0.00131021774888185
    }
  }
}